[{"id":"user-file-Kishlak_-_KHolodno_769455221.mp3","fileName":"Kishlak_-_KHolodno_769455221.mp3","name":"Kishlak_-_KHolodno_769455221","publicUrl":"np://user.desktop.nicepage.com/Site_96056498/files/Kishlak_-_KHolodno_769455221.mp3","size":8052822},{"id":"user-file-Kishlak_-_YA_disko_shar_730029861.mp3","fileName":"Kishlak_-_YA_disko_shar_730029861.mp3","name":"Kishlak_-_YA_disko_shar_730029861","publicUrl":"np://user.desktop.nicepage.com/Site_96056498/files/Kishlak_-_YA_disko_shar_730029861.mp3","size":5125686}]