[{"id":69904549,"title":"Blog Template","order":1,"templateKey":"blog","customTemplate":false,"customTemplateFilename":null,"pageLinks":[],"dateCreated":"2023-12-29T00:08:14.335Z","dateUpdated":"2023-12-29T00:08:15.975Z","folderId":null,"pageName":"Blog Template","serverPageId":null,"sectionCount":1,"status":2,"backwardUrl":null},{"id":739714097,"title":"Post Template","order":2,"templateKey":"post","customTemplate":false,"customTemplateFilename":null,"pageLinks":[],"dateCreated":"2023-12-29T00:08:14.542Z","dateUpdated":"2023-12-29T00:08:15.976Z","folderId":null,"pageName":"Post Template","serverPageId":null,"sectionCount":1,"status":2,"backwardUrl":null},{"id":309595555,"title":"Product List Template","order":3,"templateKey":"products","customTemplate":false,"customTemplateFilename":null,"pageLinks":[],"dateCreated":"2023-12-29T00:08:14.713Z","dateUpdated":"2023-12-29T00:08:15.976Z","folderId":null,"pageName":"Product List Template","serverPageId":null,"sectionCount":1,"status":2,"backwardUrl":null},{"id":32137901,"title":"Product Details Template","order":4,"templateKey":"product","customTemplate":false,"customTemplateFilename":null,"pageLinks":[],"dateCreated":"2023-12-29T00:08:14.899Z","dateUpdated":"2023-12-29T00:08:15.976Z","folderId":null,"pageName":"Product Details Template","serverPageId":null,"sectionCount":1,"status":2,"backwardUrl":null},{"id":5536470,"title":"Shopping Cart Template","order":5,"templateKey":"cart","customTemplate":false,"customTemplateFilename":null,"pageLinks":[],"dateCreated":"2023-12-29T00:08:15.043Z","dateUpdated":"2023-12-29T00:08:15.976Z","folderId":null,"pageName":"Shopping Cart Template","serverPageId":null,"sectionCount":1,"status":2,"backwardUrl":null},{"id":920314387,"title":"Checkout Template","order":6,"templateKey":"checkout","customTemplate":false,"customTemplateFilename":null,"pageLinks":[],"dateCreated":"2023-12-29T00:08:15.232Z","dateUpdated":"2023-12-29T00:08:15.976Z","folderId":null,"pageName":"Checkout Template","serverPageId":null,"sectionCount":1,"status":2,"backwardUrl":null},{"id":2905005913,"title":"Login Template","order":7,"templateKey":"login","customTemplate":false,"customTemplateFilename":null,"pageLinks":[],"dateCreated":"2023-12-29T00:08:15.353Z","dateUpdated":"2023-12-29T00:08:15.977Z","folderId":null,"pageName":"Login Template","serverPageId":null,"sectionCount":1,"status":2,"backwardUrl":null},{"id":244569642,"title":"Page Password Template","order":8,"templateKey":"password","customTemplate":false,"customTemplateFilename":null,"pageLinks":[],"dateCreated":"2023-12-29T00:08:15.434Z","dateUpdated":"2023-12-29T00:08:15.977Z","folderId":null,"pageName":"Page Password Template","serverPageId":null,"sectionCount":1,"status":2,"backwardUrl":null},{"id":140694541,"title":"404 Not Found Template","order":9,"templateKey":"404","customTemplate":false,"customTemplateFilename":null,"pageLinks":[],"dateCreated":"2023-12-29T00:08:15.507Z","dateUpdated":"2023-12-29T00:08:15.977Z","folderId":null,"pageName":"404 Not Found Template","serverPageId":null,"sectionCount":1,"status":2,"backwardUrl":null},{"id":36657265,"title":"Thank You Page Template","order":10,"templateKey":"ThankYou","customTemplate":false,"customTemplateFilename":null,"pageLinks":[],"dateCreated":"2023-12-29T00:08:15.572Z","dateUpdated":"2023-12-29T00:08:15.977Z","folderId":null,"pageName":"Thank You Page Template","serverPageId":null,"sectionCount":1,"status":2,"backwardUrl":null},{"id":50392000,"title":"Главная","order":50,"templateKey":null,"customTemplate":false,"customTemplateFilename":null,"pageLinks":[],"dateCreated":"2023-12-29T00:08:16.564Z","dateUpdated":"2023-12-29T01:11:27.903Z","folderId":null,"pageName":"Главная_50392000","serverPageId":null,"sectionCount":1,"status":2,"backwardUrl":null},{"id":14824405,"title":"Музыка","order":100,"templateKey":null,"customTemplate":false,"customTemplateFilename":null,"pageLinks":[],"dateCreated":"2023-12-29T00:08:15.622Z","dateUpdated":"2023-12-29T01:22:24.246Z","folderId":null,"pageName":"Музыка_14824405","serverPageId":null,"sectionCount":1,"status":2,"backwardUrl":null},{"id":824317679,"title":"Проекты","order":101,"templateKey":null,"customTemplate":false,"customTemplateFilename":null,"pageLinks":[],"dateCreated":"2023-12-29T00:08:15.664Z","dateUpdated":"2023-12-31T16:57:13.712Z","folderId":null,"pageName":"Проекты_824317679","serverPageId":null,"sectionCount":1,"status":2,"backwardUrl":null},{"id":246219859,"title":"Люди","order":102,"templateKey":null,"customTemplate":false,"customTemplateFilename":null,"pageLinks":["718021425"],"dateCreated":"2023-12-29T01:58:10.958Z","dateUpdated":"2023-12-29T02:12:40.163Z","folderId":null,"pageName":"Люди_246219859","serverPageId":null,"sectionCount":1,"status":2,"backwardUrl":null},{"id":718021425,"title":"Роман","order":103,"templateKey":null,"customTemplate":false,"customTemplateFilename":null,"pageLinks":[],"dateCreated":"2023-12-29T02:00:46.937Z","dateUpdated":"2023-12-29T02:11:37.245Z","folderId":null,"pageName":"Роман_718021425","serverPageId":null,"sectionCount":1,"status":2,"backwardUrl":null}]